{
  "credit": "Made with Blockbench",
  "texture_size": [
    64,
    64
  ],
  "elements": [
    {
      "from": [
        0,
        0,
        0
      ],
      "to": [
        16,
        5,
        16
      ],
      "faces": {
        "north": {
          "uv": [
            4,
            5,
            8,
            6.25
          ],
          "texture": "#0"
        },
        "east": {
          "uv": [
            4,
            6.25,
            8,
            7.5
          ],
          "texture": "#0"
        },
        "south": {
          "uv": [
            7.5,
            0,
            11.5,
            1.25
          ],
          "texture": "#0"
        },
        "west": {
          "uv": [
            7.5,
            1.25,
            11.5,
            2.5
          ],
          "texture": "#0"
        },
        "up": {
          "uv": [
            4,
            4,
            0,
            0
          ],
          "texture": "#0"
        },
        "down": {
          "uv": [
            4,
            4,
            0,
            8
          ],
          "texture": "#0"
        }
      }
    },
    {
      "from": [
        1,
        5,
        3
      ],
      "to": [
        15,
        15,
        4
      ],
      "faces": {
        "north": {
          "uv": [
            4,
            0,
            7.5,
            2.5
          ],
          "texture": "#0"
        },
        "east": {
          "uv": [
            7,
            8,
            7.25,
            10.5
          ],
          "texture": "#0"
        },
        "south": {
          "uv": [
            4,
            2.5,
            7.5,
            5
          ],
          "texture": "#0"
        },
        "west": {
          "uv": [
            7.25,
            8,
            7.5,
            10.5
          ],
          "texture": "#0"
        },
        "up": {
          "uv": [
            11.5,
            5.25,
            8,
            5
          ],
          "texture": "#0"
        },
        "down": {
          "uv": [
            11.5,
            5.25,
            8,
            5.5
          ],
          "texture": "#0"
        }
      }
    },
    {
      "from": [
        1,
        1,
        16
      ],
      "to": [
        15,
        2,
        21
      ],
      "faces": {
        "north": {
          "uv": [
            8,
            5.5,
            11.5,
            5.75
          ],
          "texture": "#0"
        },
        "east": {
          "uv": [
            0.75,
            8.5,
            2,
            8.75
          ],
          "texture": "#0"
        },
        "south": {
          "uv": [
            8,
            5.75,
            11.5,
            6
          ],
          "texture": "#0"
        },
        "west": {
          "uv": [
            2,
            8.5,
            3.25,
            8.75
          ],
          "texture": "#0"
        },
        "up": {
          "uv": [
            11,
            3.75,
            7.5,
            2.5
          ],
          "texture": "#0"
        },
        "down": {
          "uv": [
            11,
            3.75,
            7.5,
            5
          ],
          "texture": "#0"
        }
      }
    },
    {
      "from": [
        0,
        5,
        2
      ],
      "to": [
        1,
        7,
        5
      ],
      "faces": {
        "north": {
          "uv": [
            4.25,
            8.5,
            4.5,
            9
          ],
          "texture": "#0"
        },
        "east": {
          "uv": [
            8,
            7,
            8.75,
            7.5
          ],
          "texture": "#0"
        },
        "south": {
          "uv": [
            4.5,
            8.5,
            4.75,
            9
          ],
          "texture": "#0"
        },
        "west": {
          "uv": [
            7.5,
            8,
            8.25,
            8.5
          ],
          "texture": "#0"
        },
        "up": {
          "uv": [
            3.5,
            9.25,
            3.25,
            8.5
          ],
          "texture": "#0"
        },
        "down": {
          "uv": [
            3.75,
            8.5,
            3.5,
            9.25
          ],
          "texture": "#0"
        }
      }
    },
    {
      "from": [
        15,
        5,
        2
      ],
      "to": [
        16,
        7,
        5
      ],
      "faces": {
        "north": {
          "uv": [
            4.75,
            8.5,
            5,
            9
          ],
          "texture": "#0"
        },
        "east": {
          "uv": [
            8.25,
            8,
            9,
            8.5
          ],
          "texture": "#0"
        },
        "south": {
          "uv": [
            5,
            8.5,
            5.25,
            9
          ],
          "texture": "#0"
        },
        "west": {
          "uv": [
            0,
            8.5,
            0.75,
            9
          ],
          "texture": "#0"
        },
        "up": {
          "uv": [
            4,
            9.25,
            3.75,
            8.5
          ],
          "texture": "#0"
        },
        "down": {
          "uv": [
            4.25,
            8.5,
            4,
            9.25
          ],
          "texture": "#0"
        }
      }
    },
    {
      "from": [
        1,
        5,
        2
      ],
      "to": [
        15,
        7,
        3
      ],
      "faces": {
        "north": {
          "uv": [
            4,
            7.5,
            7.5,
            8
          ],
          "texture": "#0"
        },
        "east": {
          "uv": [
            5.25,
            8.5,
            5.5,
            9
          ],
          "texture": "#0"
        },
        "south": {
          "uv": [
            7.5,
            7.5,
            11,
            8
          ],
          "texture": "#0"
        },
        "west": {
          "uv": [
            5.5,
            8.5,
            5.75,
            9
          ],
          "texture": "#0"
        },
        "up": {
          "uv": [
            11.5,
            6.25,
            8,
            6
          ],
          "texture": "#0"
        },
        "down": {
          "uv": [
            11.5,
            6.25,
            8,
            6.5
          ],
          "texture": "#0"
        }
      }
    },
    {
      "from": [
        1,
        5,
        4
      ],
      "to": [
        15,
        7,
        5
      ],
      "faces": {
        "north": {
          "uv": [
            0,
            8,
            3.5,
            8.5
          ],
          "texture": "#0"
        },
        "east": {
          "uv": [
            5.75,
            8.5,
            6,
            9
          ],
          "texture": "#0"
        },
        "south": {
          "uv": [
            3.5,
            8,
            7,
            8.5
          ],
          "texture": "#0"
        },
        "west": {
          "uv": [
            6,
            8.5,
            6.25,
            9
          ],
          "texture": "#0"
        },
        "up": {
          "uv": [
            11.5,
            6.75,
            8,
            6.5
          ],
          "texture": "#0"
        },
        "down": {
          "uv": [
            11.5,
            6.75,
            8,
            7
          ],
          "texture": "#0"
        }
      }
    }
  ]
}