{
  "type": "minecraft:crafting_shaped",
  "pattern": [
    " 12",
    "345",
    "67 "
  ],
  "key": {
    "1": {
      "item": "minecraft:iron_block"
    },
    "2": {
      "item": "grimmscraft:forged_hot_steel_t_5"
    },
    "3": {
      "item": "minecraft:iron_block"
    },
    "4": {
      "item": "grimmscraft:forged_hot_steel_t_5"
    },
    "5": {
      "item": "minecraft:iron_block"
    },
    "6": {
      "item": "minecraft:stick"
    },
    "7": {
      "item": "minecraft:iron_block"
    }
  },
  "result": {
    "item": "grimmscraft:katana_t_1",
    "count": 1
  }
}