{
  "type": "minecraft:crafting_shapeless",
  "ingredients": [
    {
      "item": "grimmscraft:bottle_3"
    },
    {
      "item": "minecraft:pufferfish"
    },
    {
      "item": "minecraft:pufferfish"
    },
    {
      "item": "minecraft:pufferfish"
    },
    {
      "item": "minecraft:sugar"
    },
    {
      "item": "minecraft:sugar"
    },
    {
      "item": "minecraft:sugar"
    },
    {
      "item": "minecraft:wheat"
    }
  ],
  "result": {
    "item": "grimmscraft:vodka_3",
    "count": 1
  }
}